<beans xmlns="http://www.springframework.org/schema/beans"
	xmlns:context="http://www.springframework.org/schema/context"
	xmlns:mvc="http://www.springframework.org/schema/mvc" 
	xmlns:tx="http://www.springframework.org/schema/tx"
	xmlns:xsi="http://www.w3.org/2001/XMLSchema-instance"
	xsi:schemaLocation="
        http://www.springframework.org/schema/beans     
        http://www.springframework.org/schema/beans/spring-beans.xsd
        http://www.springframework.org/schema/context 
        http://www.springframework.org/schema/context/spring-context.xsd
        http://www.springframework.org/schema/mvc 
        http://www.springframework.org/schema/mvc/spring-mvc-3.0.xsd
        http://www.springframework.org/schema/tx 
        http://www.springframework.org/schema/tx/spring-tx.xsd ">
       
         
      <context:component-scan base-package="com.jpmc.springproject.*">
       </context:component-scan>
       <mvc:annotation-driven/>  <!-- //To reconnize the bean classes no need to define th anoataions as below line 61 -->
        
         <!--  View Resolver -->
     <bean
		class="org.springframework.web.servlet.view.InternalResourceViewResolver">
		<property name="prefix">
			<value>/WEB-INF/pages/</value>
		</property>
		<property name="suffix">
			<value>.jsp</value>
		</property>
	</bean> 
	
	<!-- //Connect To DB -->
	
	<bean id="dataSource"
     class="org.springframework.jdbc.datasource.DriverManagerDataSource">
       <property name="driverClassName" value="oracle.jdbc.driver.OracleDriver" />
       <property name="url" value="jdbc:oracle:thin:@localhost:1521:XE" />
       <property name="username" value="scott" />
       <property name="password" value="orcl" />
   </bean>
	
	<bean id="myEmf"
	 class="org.springframework.orm.jpa.LocalContainerEntityManagerFactoryBean">
       <property name="dataSource" ref="dataSource" />
      <!--  <property name="packagesToScan" value="com.springproject.*" /> -->
       <property name="jpaVendorAdapter">
           <bean class="org.springframework.orm.jpa.vendor.HibernateJpaVendorAdapter" />
       </property>
       
       <property name="jpaProperties">
          <props>
              <prop key="hibernate.hbm2ddl.auto">update</prop>  <!-- Create or Update -->
             <prop key="hibernate.dialect">org.hibernate.dialect.OracleDialect</prop>
             <prop key="hibernate.show_sql">true</prop>
          </props>
       </property>
   </bean>
   
      <bean id="transactionManager"
     class="org.springframework.orm.jpa.JpaTransactionManager">
       <property name="entityManagerFactory" ref="myEmf" />
   </bean>
   <tx:annotation-driven transaction-manager="transactionManager" />
   
   
       <!--  <bean id="bookDao" class="com.jpmc.springproject.dao.classes.BookDao">
        
        </bean>
        <bean id="bookservice" class="com.jpmc.springproject.services.classes.BookService">
        <property name="bookDao" ref="bookDao"></property>
        
        </bean> -->
        
 </beans>